Company,Car_type,Horsepower(hp),Acceleration 0 to 100 km/h (seconds),Average_energy_consumption_1 (kWh/100km),Average_energy_consumption_2_3 (L/100km),Energy_type,GHG_per_10000km,Energy_price,Score_perf,Score_balanced,Score_env,Score_daily
Tesla,Model 3 Long Range 82 kWh AWD ,498,4.4,14.0,,1,571.1999999999999,0.3,26.28030418209061,1.4168955308810023,0.034142197374055445,2.2284446058918683
Tesla,Model 3 Performance 79 kWh AWD ,460,3.1,16.7,,1,681.3599999999999,0.3,32.067649003622755,1.4976457156918734,0.031856896029763965,2.249598152049881
Tesla,Model 3 Performance 82 kWh AWD ,510,3.1,14.0,,1,571.1999999999999,0.3,35.44670251403314,1.645548006977724,0.036794070134539,2.313369601896482
Tesla,Model 3 RWD 60 kWh,283,6.1,13.2,,1,538.56,0.3,12.951788549034426,1.0094295997349876,0.02976564711005397,2.0503369900010773
Tesla,Model 3 RWD Long Range 82kWh,283,5.2,12.5,,1,509.99999999999994,0.3,14.79644316955209,1.093719127936403,0.031926063244854225,2.0947118415085457
Tesla,Model S 100D Performance,612,3.4,20.0,,1,816.0,0.3,36.756729540684944,1.5327297180259052,0.029184970886872184,2.252481490276691
Tesla,Model S 70,320,5.9,18.5,,1,754.8,0.3,14.188714782167493,0.9710313306876672,0.024247398152457942,2.0134905874937123
Tesla,Model S 70D,333,5.4,18.1,,1,738.48,0.3,15.757756300775595,1.0289213803090231,0.025261599917952453,2.043968364831912
Tesla,Model S Long Range,449,3.7,17.5,,1,714.0,0.3,27.174011001944063,1.3626113647790448,0.029614748559841055,2.194510366600753
Tesla,Model S P100D,613,2.5,20.0,,1,816.0,0.3,47.069028145047724,1.734461891729034,0.031046229000735864,2.3231969397022403
Tesla,Model S P90D,700,2.8,19.7,,1,803.76,0.3,47.8770345155867,1.7559078090548126,0.03149832094190555,2.3312258929518253
Tesla,Model S Performance,612,3.2,18.7,,1,762.9599999999999,0.3,38.84354449224069,1.602336295338212,0.03096399042977634,2.2814605505116767
Tesla,Model S Performance Ludicrous,612,2.4,20.0,,1,816.0,0.3,48.5680875795863,1.761865080646442,0.03129052136742116,2.3323192586409887
Tesla,Model S Plaid,1020,2.1,18.7,,1,762.9599999999999,0.3,81.8733195483665,2.3262985152913718,0.0373089314868231,2.5043262570230915
Tesla,Model S Standard Range,320,4.2,17.5,,1,714.0,0.3,18.725723383172113,1.1311349857383333,0.02698231846668263,2.094706806210114
Tesla,Model X 100D Performance,612,3.1,22.5,,1,918.0,0.3,39.112483150046245,1.5352061819692722,0.0273763751368508,2.2467652643466054
Tesla,Model X 75D,333,6.2,20.8,,1,848.64,0.3,13.914178162437755,0.9338295052588017,0.022294202148439822,1.9880893590448936
Tesla,Model X 90D,423,5.0,21.5,,1,877.2,0.3,19.94684912105441,1.1088739522477031,0.02385574100001474,2.073624761610467
Tesla,Model X Long Range,680,3.9,22.0,,1,897.5999999999999,0.3,35.49237281029159,1.4706742643825483,0.027128060475443583,2.224022324844281
Tesla,Model X P100D,680,2.9,23.0,,1,938.3999999999999,0.3,44.785539112252344,1.6337725305657433,0.027902200690512854,2.280737418508021
Tesla,Model X P90D,539,3.3,22.7,,1,926.16,0.3,33.5798794528083,1.4193442660742863,0.026195254692960697,2.202631656800736
Tesla,Model X Performance,612,3.5,22.5,,1,918.0,0.3,35.49362108482243,1.4624605855631387,0.0267198904513063,2.2196631181772344
Tesla,Model X Plaid,1020,2.5,22.0,,1,897.5999999999999,0.3,70.06606386501039,2.0663450093424323,0.03215599233053595,2.421367607049083
Tesla,Model X Standard Range,328,4.6,20.8,,1,848.64,0.3,17.454537046740402,1.0459067816795447,0.023594165873262487,2.045230438762655
Tesla,Cybertruck Dual Motor AWD,600,4.5,25.0,,1,1019.9999999999999,0.3,28.273452680367058,1.2713322581419104,0.023510155499319587,2.1376512481137264
Tesla,Cybertruck Single Motor,315,6.5,23.0,,1,938.3999999999999,0.3,12.687230563953868,0.8695731124191246,0.020356153381724227,1.948067118909699
Tesla,Cybertruck Tri Motor AWD,845,2.9,26.0,,1,1060.8,0.3,52.63704401874501,1.717738519774282,0.026744603211511703,2.3024251271564027
Tesla,Model Y Long Range AWD,351,5.0,16.9,,1,689.5199999999999,0.3,17.599603245559802,1.1062019205090088,0.027200224563630103,2.084884596315614
Tesla,Model Y Long Range RWD,347,5.9,15.5,,1,632.4,0.3,15.40886530786154,1.0576867174438482,0.027892604206626218,2.066101040476054
Tesla,Model Y Performance AWD,462,3.7,17.3,,1,705.84,0.3,27.833604322706744,1.3830180376373749,0.03002489784597519,2.2033140038326544
Volkswagen,ID.7 GTX 4MOTION,340,5.4,16.2,,1,660.9599999999999,0.3,16.200875424047016,1.0726181295092978,0.02741462323311182,2.071066262884085
Volkswagen,ID.7 Pro,286,6.5,14.1,,1,575.28,0.3,12.332811344823662,0.9689043627901752,0.028123082236200428,2.0260974795801383
Volkswagen,ID.5 GTX 4MOTION,340,5.4,16.6,,1,677.28,0.3,16.161407288526032,1.0647979617439274,0.026950518822863662,2.0660207871429943
Volkswagen,ID.5 Pro,286,6.7,15.8,,1,644.64,0.3,11.901155614046363,0.9250920329240797,0.025812141997767598,1.9971026790437612
Volkswagen,ID.5 Pro Performance,204,8.4,16.9,,1,689.5199999999999,0.3,7.528594270311628,0.7235022995793939,0.021997597100231272,1.8749228312829622
Volkswagen,ID.5 Pure,170,8.9,16.1,,1,656.88,0.3,6.2429003454262135,0.6668703027681828,0.02168999391070705,1.8393326657013052
Volkswagen,ID.4 Pro 4MOTION,286,6.7,16.0,,1,652.8,0.3,11.88619482099898,0.921607652088083,0.025585859964355705,1.9945921463825225
Volkswagen,ID.4 Pro ,286,6.7,15.8,,1,644.64,0.3,11.901155614046363,0.9250920329240797,0.025812141997767598,1.9971026790437612
Volkswagen,ID.4 Pro Performance,204,8.5,18.0,,1,734.4,0.3,7.410774544587505,0.7065913552980324,0.020997967303560357,1.8609334981760677
Volkswagen,ID.4 Pure 52kWh ,170,9.0,16.8,,1,685.44,0.3,6.161068814992779,0.6554738268113192,0.021006347498482302,1.8294759004719088
Volkswagen,ID.4 Pure Performance 52kWh,170,9.0,16.2,,1,660.9599999999999,0.3,6.183515963585409,0.6626643927448705,0.02154797845169475,1.8361413863831508
Volkswagen,ID.3 Pro,204,7.3,15.3,,1,624.24,0.3,8.507433459790885,0.7884625465168017,0.024255108419839362,1.920430379766579
Volkswagen,ID.3 Pro Performance ,204,7.3,15.5,,1,632.4,0.3,8.496391861135518,0.7853965480264298,0.024035603609880284,1.9179378981504516
Volkswagen,ID.3 Pro S,204,7.9,15.8,,1,644.64,0.3,7.96083477656381,0.7566058223594507,0.023343523775548814,1.8992038361605452
Volkswagen,ID.3 Pure Performance ,150,8.9,14.9,,1,607.9200000000001,0.3,5.691991374664868,0.6492174658406106,0.022332411568822274,1.8305790100797352
Volkswagen,ID.3 GTX,286,5.9,14.5,,1,591.5999999999999,0.3,13.289121593924248,0.9987591764689782,0.028117128331695343,2.040100591844022
Volkswagen,ID.3 GTX Performance,326,5.7,14.7,,1,599.76,0.3,15.148314749845836,1.0626921487517829,0.028785393780222126,2.071283382264025
Volkswagen,ID.3 Pure,204,8.2,15.2,,1,620.1599999999999,0.3,7.756942130333907,0.7541175089892254,0.02380666231832458,1.89947793334486
Volkswagen,Arteon 1.4 eHybrid,218,7.8,,1.1,2,254.10000000000002,2.6,7.500525837411912,0.5401959856023325,0.03666669599801387,0.37338515231652925
Volkswagen,Arteon 2.0 TSI ,190,7.8,,1.1,2,254.10000000000002,2.6,6.7193830160796715,0.511293410242452,0.03567230719499295,0.36828731019279876
Volkswagen,Arteon 2.0 TDI ,200,7.9,,5.3,3,1224.3,2.6,5.921560949542816,0.3239685130028807,0.011958088174787948,0.3159168766980476
Volkswagen,Arteon Shooting Brake 1.4 TSI eHybrid,218,7.8,,1.2,2,277.2,2.6,7.435545839210001,0.5262774772402177,0.03450005482536544,0.3701503702423007
Volkswagen,Arteon Shooting Brake 2.0 TSI ,190,7.7,,6.4,3,1478.4,2.6,5.692902821776266,0.3030229764577582,0.01042559554339928,0.30922059664893997
Volkswagen,Arteon Shooting Brake 2.0 TDI ,200,7.9,,5.2,3,1201.2,2.6,5.932851203827097,0.32582511731474423,0.01211860191716198,0.3165192148148058
Hyundai,Inster Cross 49 kWh,115,10.6,15.1,,1,616.0799999999999,0.3,3.996112844315096,0.5421622568979649,0.020259106723503208,1.7493571431264394
Hyundai,Ioniq 5 Long Range 84 kWh 2WD,229,7.5,16.0,,1,652.8,0.3,9.091367950556917,0.8060078423239395,0.023927460959307277,1.9288675352445173
Hyundai,Ioniq 5 N,609,3.5,21.2,,1,864.9599999999999,0.3,35.56539780777246,1.485882663774482,0.02782918625040139,2.2318156501147817
Hyundai,Ioniq 5 Standard Range 63 kWh 2WD,170,8.5,15.6,,1,636.48,0.3,6.497307106225037,0.6857095427554866,0.022379199129822898,1.8536490786274185
Hyundai,Bayon 2024 1.0 T-GDI,100,12.4,,5.4,3,1247.4,2.6,2.3668173439013636,0.2038626191809275,0.009388891285529733,0.2812409648117123
Hyundai,Kona 2 1.0 T-GDI,100,13.3,,5.7,3,1316.7000000000003,2.6,2.2257309701362846,0.1950389222970546,0.00891438839459226,0.2777713656239882
Hyundai,Kona 2 1.6 T-GDI ,170,8.5,,6.3,3,1455.3,2.6,4.819826540411839,0.27992019696865655,0.010107456799767132,0.3032697325431458
Hyundai,Tucson 2024 1.6 T-GDI ,160,9.9,,5.8,3,1339.8,2.6,4.098137241645166,0.26350564220344613,0.010262936490520878,0.299340722865394
Hyundai,Ioniq 5 Long Range,325,5.3,16.8,,1,685.44,0.3,15.80436034350783,1.0498222831071364,0.026584638641569368,2.0581015554296362
Hyundai,Ioniq 5 N,609,3.5,21.2,,1,864.9599999999999,0.3,35.56539780777246,1.485882663774482,0.02782918625040139,2.2318156501147817
Hyundai,Ioniq 5 Standard Range  ,170,8.5,15.6,,1,636.48,0.3,6.497307106225037,0.6857095427554866,0.022379199129822898,1.8536490786274185
Hyundai,Inster Cross   ,115,10.6,15.1,,1,616.0799999999999,0.3,3.996112844315096,0.5421622568979649,0.020259106723503208,1.7493571431264394
Hyundai,Bayon   ,100,11.3,,5.4,3,1247.4,2.6,2.5494079539803245,0.21158013811853596,0.009564955606802358,0.2838656896636482
Hyundai,i20 1.0 T_GDI,100,10.4,,5.1,3,1178.1,2.6,2.7400455225865814,0.22250512217100346,0.010122050230339184,0.28787223001622825
Hyundai,i20 1.0 T_GDI Auto,100,11.4,,5.2,3,1201.2,2.6,2.541073644375994,0.2132364570301261,0.00980372156696784,0.28468809356089153
Hyundai,i20 N,204,6.2,,6.7,3,1547.7,2.6,7.133863073481249,0.33534925973910423,0.010694724783336844,0.3167936670752319
Hyundai,i20 MPI,84,13.1,,5.3,3,1224.3,2.6,1.973877845330162,0.18704445457536514,0.00908620997183152,0.27538059611561977
Hyundai,i20 1.0 T_GDI 48V-Hybrid,99,11.4,,5.4,2,1247.4,2.6,2.5112292765683497,0.20998990206151186,0.009528942713689547,0.28333079615366835
Hyundai,i10 1.0 T_GDI,100,10.5,,5.2,3,1201.2,2.6,2.713874082910595,0.22036756807826693,0.00996630282259374,0.2870389676226842
Hyundai,i10 1.0i,62,15.9,,4.9,3,1131.9,2.6,1.3363416715398466,0.1569507530199683,0.008690323355867117,0.26408271249403736
Hyundai,i10 1.0i Auto,66,17.8,,5.3,3,1224.3,2.6,1.2735412808335675,0.1502419508161668,0.0081434035541501,0.260702340414927
Hyundai,i10 1.2i,78,13.2,,5.2,3,1201.2,2.6,1.8524976684005947,0.18206718066135832,0.009058912671074571,0.27366033635771947
Hyundai,i10 1.2i Auto,78,16.6,,5.4,3,1247.4,2.6,1.5363540264684474,0.1642482986108016,0.00842744545532603,0.2664522544272411
Hyundai,i30 1.0 T_GDI,99,13.1,,5.6,3,1293.6,2.6,2.2387921923729865,0.19647783008828737,0.00903473544675558,0.27840543599859136
Toyota,Toyota Hilux Double-Cab 2.4 D-4D 4WD Specs,150,11.0,,8.6,3,1986.6,2.6,3.4391449558983416,0.2187531400958724,0.007529481632163711,0.2829307402839036
Toyota,Toyota Hilux Double-Cab 2.8 D-4D 4WD Specs,204,11.0,,9.5,3,2194.5,2.6,4.354708534466799,0.2401056131057759,0.007468188170723441,0.2888760328909902
Toyota,Toyota RAV4 2.5 Plug-in Hybrid AWD Specs,306,6.0,16.6,1.0,2,231.0,2.6,12.251735379922605,0.7070538185422364,0.04420672220735597,0.4003290825239179
Toyota,Toyota RAV4 2.0 VVT-iE 2WD Specs,175,9.8,,7.1,3,1640.1,2.6,4.349759153855164,0.25809030224953494,0.009087738668790053,0.29628897125212766
Toyota,Toyota RAV4 2.5 Hybrid 2WD Specs,197,8.0,,4.7,3,1085.7,2.6,5.861822624022893,0.3321586295067998,0.012935434659347088,0.31885113095687906
Toyota,RAV4 150 AWD Advance Specs,151,9.6,,7.2,3,1663.2,2.6,3.924395680056939,0.24429070250578003,0.008773697862184706,0.29214431894708426
Toyota,RAV4 120D 4x2 Active Specs,124,10.5,,4.9,3,1131.9,2.6,3.2427074406383567,0.24448855406010173,0.010846347151329786,0.29502835260310695
Toyota,RAV4 150D Autodrive AWD Advance Specs,150,10.0,,7.2,3,1663.2,2.6,3.7781676473515766,0.23969620402371875,0.008690800558298961,0.2907608969377134
Toyota,Prius 2.0 Plug-In Hybrid Specs,223,6.7,13.6,0.5,2,115.5,2.6,9.33315578743773,0.7338806289355119,0.0659388378095096,0.4111365897611147
Toyota,Prius 1.8 Hybrid Specs,140,10.4,,3.9,2,900.9000000000001,2.6,3.6839248615634803,0.27589440804324983,0.013063152403085,0.3058180625326544
Toyota,Prius 2.0 Hybrid Specs,197,7.2,,4.5,2,1039.5,2.6,6.405118952148345,0.3510056760335523,0.013619220947284315,0.323632587292688
Toyota,Prius 2.0 Hybrid E-four Specs,199,7.0,,3.7,2,854.7,2.6,6.734809625476617,0.37797745715683284,0.015739251667416222,0.33129543743542195
Toyota,Toyota bZ4X 4x4 X-Mode Specs,218,6.9,18.1,,1,738.48,0.3,9.228687134170917,0.7874173201086538,0.02209898049197075,1.911744558534358
Toyota,Toyota Aygo X 1.0 VVT-i Specs,72,15.6,,4.7,3,1085.7,2.6,1.535670352418908,0.1700114625610345,0.009254380638546146,0.2696939025205485
Toyota,Toyota Land Cruiser J25 2.8 D-4D Auto Specs,204,12.7,,7.4,3,1709.4,2.6,3.9799668285554257,0.24433487732639603,0.008643255769795468,0.29195747319684795
Toyota,Toyota Yaris 1.0 VVT-i Specs,72,14.6,,5.6,3,1293.6,2.6,1.5911326114891002,0.1656379511184846,0.008295423994110653,0.2667714104762065
Toyota,Toyota Yaris 1.5 Hybrid Specs,116,9.7,,3.8,2,877.8000000000001,2.6,3.3597898327750526,0.26519407980088977,0.0129916111305956,0.3030054147447691
Toyota,Toyota Yaris 1.5 VVT-i Specs,121,9.0,,5.2,3,1201.2,2.6,3.5758181263453146,0.2529534126239364,0.010677768746677831,0.297107814934059
Toyota,Toyota Yaris GR Specs,261,5.5,,8.2,3,1894.2,2.6,9.370922286092446,0.36541920889816293,0.009989877118574785,0.3220375546171051
Toyota,Toyota Yaris 1.0 VVT-i 3-doors Specs,69,14.6,,5.6,3,1293.6,2.6,1.5378700972302435,0.16284202243869667,0.008225113647423954,0.2656384542585349
Toyota,Toyota Yaris 1.5 Hybrid Dynamic Specs,100,9.7,,3.8,2,877.8000000000001,2.6,2.9836351859692822,0.2499082704894542,0.012611635629631244,0.29854141749443885
Toyota,Toyota Yaris 1.5 VVT-i 3-doors Specs,111,9.0,,5.2,3,1201.2,2.6,3.33737884207432,0.244374331266765,0.010495135079134429,0.29455597464775307
Toyota,Toyota Yaris GRMN 1.8 Dual VVT-iE 212HP Specs,212,6.3,,7.5,3,1732.5,2.6,7.181771613205871,0.3271177777531939,0.009927284247651323,0.31394496943771333
Toyota,Toyota Auris 1.33 Dual VVT-i Specs,99,12.6,,5.6,3,1293.6,2.6,2.3095873070416815,0.1995601645319124,0.009105327902004206,0.2794909731780003
Toyota,Toyota Auris 130 Active Specs,132,10.0,,5.9,3,1362.9,2.6,3.4794885445480026,0.24176775103600504,0.009738513202557812,0.29284129289076055
Toyota,Toyota Auris Hybrid Active Specs,136,10.9,,3.8,2,877.8000000000001,2.6,3.475786050336073,0.2697331267911995,0.013102321257012564,0.3042937308704843
Toyota,Toyota Auris 120D Active Specs,124,10.0,,4.5,3,1039.5,2.6,3.4006157659492566,0.2557580556117604,0.011625452249423716,0.2990067832210795
Toyota,Toyota Auris 90D Active Specs,90,12.5,,4.1,3,947.1,2.6,2.2219233793711926,0.21160320589737125,0.011129920926460235,0.28583472442100916
Mercedes-Benz Group AG,Mercedes Benz Class A 250e 8G-DCT Specs,218,6.6,,1.5,2,346.5,2.6,8.311174250823957,0.5262135744414658,0.030513562111946963,0.36808002820437025
Mercedes-Benz Group AG,Mercedes Benz Class A 180 7G-DCT Specs,150,9.2,,5.0,3,1155.0,2.6,4.188776729191401,0.2764743037379092,0.011406593443203283,0.3040839278229971
Mercedes-Benz Group AG,Mercedes Benz Class A 200 4MATIC 8G-DCT Specs,204,6.9,,6.6,3,1524.6,2.6,6.5586119352785595,0.3227554999577364,0.010579124782527358,0.31389459512201673
Mercedes-Benz Group AG,Mercedes Benz Class A 200 7G-DCT Specs,177,8.0,,5.0,3,1155.0,2.6,5.347503657383437,0.31238251139384055,0.01212472597525345,0.3135100383307117
Mercedes-Benz Group AG,Mercedes Benz Class A 250 4MATIC 7G-DCT Specs,238,6.2,,6.6,3,1524.6,2.6,8.08230597561792,0.35829052880324563,0.011146296152800076,0.3221990509367911
Mercedes-Benz Group AG,Mercedes Benz Class A 35 AMG 4MATIC 8G-DCT Specs,320,4.7,,7.3,3,1686.3,2.6,12.654671547467684,0.4371680271591447,0.0116481968454938,0.337779314243312
Mercedes-Benz Group AG,Mercedes Benz Class A 45 S AMG 4MATIC+ 8G-DCT Specs,421,3.9,,8.3,3,1917.3000000000002,2.6,18.0637389769945,0.5058106501658337,0.011675167295854882,0.34919986189735824
Mercedes-Benz Group AG,Mercedes Benz Class A 180 d 8G-DCT Specs,116,10.6,,4.2,3,970.2,2.6,3.098405374763243,0.2483764777993656,0.011899540755634186,0.29733799391108645
Mercedes-Benz Group AG,Mercedes Benz Class A 200 d 8G-DCT Specs,150,8.1,,4.2,3,970.2,2.6,4.7195602026448835,0.3065434992129887,0.013219682478868351,0.31339770990021565
Mercedes-Benz Group AG,Mercedes Benz Class A 220 d 8G-DCT Specs,190,7.0,,4.4,3,1016.4000000000001,2.6,6.3785306732634295,0.3522498550503465,0.013813016097270705,0.3241010306327038
Mercedes-Benz Group AG,Mercedes Benz Class B 250e 8G-DCT Specs,218,7.6,,0.9,2,207.9,2.6,7.813246702445784,0.5797073534644737,0.042416331339278024,0.38194441403588686
Mercedes-Benz Group AG,Mercedes Benz Class B 180 7G-DCT Specs,150,9.0,,5.5,3,1270.5,2.6,4.222641367145981,0.2710535468868794,0.010717417437084181,0.30186219773863643
Mercedes-Benz Group AG,Mercedes Benz Class B 200 4MATIC 8G-DCT Specs,204,8.2,,6.6,3,1524.6,2.6,5.71268300275861,0.30122273468443755,0.010220138644752337,0.3085228692173707
Mercedes-Benz Group AG,Mercedes Benz Class B 200 7G-DCT Specs,177,8.2,,5.5,3,1270.5,2.6,5.193172270256472,0.3005933443833961,0.011286317915985845,0.30977031407272554
Mercedes-Benz Group AG,Mercedes Benz Class B 250 4MATIC 7G-DCT Specs,238,6.4,,6.6,3,1524.6,2.6,7.879608864763437,0.3537691956935817,0.011075744304009623,0.3211777330238522
Mercedes-Benz Group AG,Mercedes Benz Class B 180 d 8G-DCT Specs,116,10.7,,4.2,3,970.2,2.6,3.075217995609839,0.24744535124705763,0.011877215005899283,0.29705893229150065
Mercedes-Benz Group AG,Mercedes Benz Class B 200 d 8G-DCT Specs,150,8.3,,4.1,3,947.1,2.6,4.639526021626957,0.30576974516367345,0.013379140451930113,0.31338849922845097
Mercedes-Benz Group AG,Mercedes Benz Class B 220 d 8G-DCT Specs,190,7.2,,4.4,3,1016.4000000000001,2.6,6.236387367830224,0.3483028599460702,0.01373540997042631,0.32318929443020994
Ford Motor Company,Ford Bronco Sport 1.5L EcoBoost Specs,184,9.2,,9.3,3,2148.3,2.6,4.635719705690586,0.24905284968921726,0.00769559518834922,0.29168549189524295
Ford Motor Company,Ford Capri Extended Range 77 kWh Specs,286,6.4,13.3,,1,542.64,0.3,12.559881485556424,0.9921663784868662,0.029387782944003776,2.04112885242715
Ford Motor Company,Ford Capri Extended Range 79 kWh AWD Specs,340,5.3,15.0,,1,611.9999999999999,0.3,16.572009373256943,1.1059090598638126,0.029040392946090964,2.090971718304338
Ford Motor Company,Ford Fiesta 1.0 EcoBoost 125HP Hybrid Specs,125,8.9,,5.0,3,1155.0,2.6,3.7175812739918603,0.2604602198995071,0.011071316786204608,0.29958159166691034
Ford Motor Company,Ford Kuga 2.5 PHEV CVT Specs,243,9.2,,0.9,2,207.9,2.6,7.314286595285293,0.560891717932141,0.04172229715806072,0.3788067571289193
Ford Motor Company,Ranger Double Cab 2.0 EcoBlue e-4WD Auto Specs,205,10.5,,8.8,3,2032.8000000000002,2.6,4.572406669797295,0.2507872335774886,0.007960664501581588,0.2925959514303819
Audi,A3 allstreet 40 TFSIe S tronic,204,7.4,15.0,0.3,2,69.3,2.6,8.447887074826884,0.7933181753147696,0.09079649639177412,0.4246076778712568
Audi,A3 allstreet 35 TFSI S tronic,150,8.4,,5.4,3,1247.4,2.6,4.470454403333845,0.2801760852899441,0.011006799159559244,0.3045102704179361
Audi,A3 allstreet 35 TDI S tronic,150,8.3,,5.0,3,1155.0,2.6,4.548361765710817,0.28809695428459214,0.011643885055489644,0.30723057938671267
Audi,A3 limousine 30 TFSI,116,9.7,,5.2,3,1201.2,2.6,3.256043038820707,0.24137812006510434,0.010430597565477614,0.2936489246381806
Audi,A3 limousine 35 TFSI,150,8.4,,5.2,3,1201.2,2.6,4.487357922028725,0.2833662923352246,0.011301454303391002,0.3056616735157854
Audi,A3 limousine RS3,400,3.8,,9.1,3,2102.1,2.6,17.54116540419481,0.4871049487654642,0.010891823212421952,0.34513072509935366
Audi,A4 35 TFSI S tronic,150,8.9,,6.3,3,1455.3,2.6,4.2030873349135565,0.2613982873262114,0.009767336388521668,0.29812348811103456
Audi,A4 40 TFSI S tronic,204,6.2,,6.2,3,1432.2,2.6,7.189407172570915,0.34324347171181063,0.011291399988937986,0.31926021551522293
Audi,A4 40 TFSI quattro S tronic,204,6.7,,6.4,3,1478.4,2.6,6.735467758652216,0.3296040620652933,0.010873249922387607,0.3157894833386603
Audi,A4 45 TFSI quattro S tronic,265,5.5,,7.1,3,1640.1,2.6,9.623259118779375,0.3838841408794167,0.01108332509395154,0.32720701594652457
Audi,A4 30 TDI S tronic,136,9.5,,4.6,3,1062.6,2.6,3.8064306920125395,0.2691058713922132,0.011781670096766372,0.3026675566103598
Audi,A4 40 TDI S tronic,204,7.4,,5.0,3,1155.0,2.6,6.376218997816563,0.3411086867733882,0.012669951889618513,0.3204815024491748
Audi,A5 Limousine 2.0 TFSI 150HP S tronic Specs,150,9.8,,6.6,3,1524.6,2.6,3.8732829165032117,0.24803175962646293,0.009273988671872945,0.2938950344315363
Audi,A5 Limousine 2.0 TFSI 204HP S tronic Specs,204,7.8,,6.6,3,1524.6,2.6,5.945871586129311,0.3073091185039629,0.01032287425978943,0.310069669645171
Audi,A5 Limousine S5 3.0 V6 TFSI MHEV S tronic Specs,367,4.5,,7.4,3,1709.4,2.6,14.600950735247249,0.46798971199794714,0.01196197211182984,0.34346485671642385
Audi,A5 Limousine 2.0 TDI MHEV S tronic Specs,204,7.7,,4.7,3,1085.7,2.6,6.215030084392265,0.3420194633065662,0.013126038301176706,0.32119167635832957
BMW,G26 i4 i4 eDrive35 Specs,286,6.0,15.6,,1,636.48,0.3,13.016110431111569,0.970541495204527,0.026624502296539825,2.021836340797774
BMW,G26 i4 i4 eDrive40 Specs,340,5.7,15.9,,1,648.7199999999999,0.3,15.544093318833132,1.055572486743866,0.027476953933042877,2.063752791062559
BMW,G60 i5 Sedan eDrive40 Specs,340,6.0,15.9,,1,648.7199999999999,0.3,14.919156824488258,1.034135635959525,0.02719651814262568,2.0531942254474322
BMW,1 Series 120 Steptronic DKG Specs,170,7.8,,5.3,3,1224.3,2.6,5.252878253161559,0.3051289174575008,0.011605184099327703,0.31122033692580553
BMW,1 Series 123 xDrive Steptronic DKG Specs,218,6.3,,5.9,3,1362.9,2.6,7.522271795975216,0.35548000352999903,0.01180867200645237,0.3224679204308639
BMW,1 Series 118d Steptronic DKG,150,8.3,,4.6,3,1062.6,2.6,4.586445290549823,0.2953944414777248,0.012343730477448406,0.30980302722707204
BMW,220i Steptronic DKG Gran Coupe Specs,170,7.9,,5.2,3,1201.2,2.6,5.209530642775807,0.30531780437294054,0.011731034303779883,0.31141675305662525
BMW,218d Steptronic DKG Gran Coupe Specs,150,8.4,,4.6,3,1062.6,2.6,4.542712609442474,0.29398274541966357,0.012314199683324792,0.3094322232882405
BMW,320d Mild Hybrid Steptronic,190,6.9,,5.0,3,1155.0,2.6,6.370420128497959,0.3409535403897836,0.012667070226298883,0.32044505510052834
BMW,320e Plug-in Hybrid Steptronic,204,7.6,16.2,1.5,2,346.5,2.6,7.040209800095294,0.48431024261574945,0.029273436793770688,0.3605227334961395
BMW,320i Steptronic,170,8.1,,7.7,3,1778.7000000000003,2.6,4.90979677955205,0.26869695515903924,0.008867956460290469,0.29868089317153756
BMW,330i Steptronic,245,5.9,,7.0,3,1617.0000000000002,2.6,8.556239280662842,0.36326254287710413,0.010865969103362865,0.32283582845299413
BMW,330e Plug-in Hybrid Steptronic,292,5.9,22.3,1.0,2,231.0,2.6,11.960962782964272,0.6986131201716148,0.043942063489700874,0.39912892980757814
BMW,420d Mild Hybrid xDrive Steptronic,190,7.6,,5.7,3,1316.7000000000003,2.6,5.8197722394099625,0.31538275921967,0.011335740151376242,0.31323237176794905
BMW,420i Steptronic,184,7.9,,7.0,3,1617.0000000000002,2.6,5.387462355613618,0.2882513051142119,0.009679296590743122,0.3046978521237696
BMW,430d Mild Hybrid xDrive Steptronic,286,5.3,,6.0,3,1386.0,2.6,10.715155377264468,0.4224886944131079,0.012755175447673989,0.33655342527345083
BMW,430i xDrive Steptronic,245,6.1,,7.5,3,1732.5,2.6,8.273787078332948,0.35110783619231617,0.010284866167336273,0.3195491173063488
BMW,430i Mild Hybrid xDrive Steptronic,255,5.9,,7.8,3,1801.8000000000002,2.6,8.739418606618184,0.3573314884063597,0.010154199485934682,0.32064131446851746
BMW,520d Mild Hybrid Steptronic,197,7.3,,5.4,3,1247.4,2.6,6.22037810541193,0.3304940309555423,0.01195438726004324,0.31734750210255863
BMW,520i Mild Hybrid Steptronic,208,7.5,,6.0,3,1386.0,2.6,6.291120437702703,0.3237276951052577,0.011165259423956995,0.31488009353109364
BMW,530e Plug-in Hybrid Steptronic,299,6.3,20.8,0.7,2,161.7,2.6,11.986604454807866,0.7645875908215815,0.055933472076412506,0.41189202522329144
BMW,530i Mild Hybrid Steptronic,255,6.2,,6.7,3,1547.7,2.6,8.528109729354538,0.36665816212369,0.01118282723753514,0.32394217400776826
BMW,540d Mild Hybrid xDrive Steptronic,303,5.2,,6.1,3,1409.1,2.6,11.375222797797287,0.4335120413717938,0.012803575057213926,0.3385876152824858
BMW,540i Mild Hybrid xDrive Steptronic,375,4.7,,7.2,3,1663.2,2.6,14.38649322097369,0.46773300520107597,0.012140266314680688,0.3436530596888984
BMW,550e Plug-in Hybrid xDrive Steptronic,489,4.3,22.4,0.9,2,207.9,2.6,23.517412622470847,1.0057448333698773,0.05586921938750205,0.4383488919037701
Xiao Peng,Xiaopeng P7+,313,5.9,12.2,,1,497.76,0.3,14.532480064723654,1.0905223124523966,0.03230816886000761,2.0944511206032828
Xiao Peng,Xiaopeng M03,218,7.3,11.5,,1,469.19999999999993,0.3,9.231217442960926,0.8820834544601907,0.0300167728550842,1.9892096583609487
Xiao Peng,Xiaopeng X9,320,7.7,16.3,,1,665.04,0.3,11.612627632732735,0.9067195809734236,0.025120384809836287,1.9855651644699321
Xiao Peng,Xiaopeng G9,313,6.4,15.2,,1,620.1599999999999,0.3,13.320759588446766,0.9882304777036761,0.027252611270702592,2.032305804130766
Xiao Peng,Xiaopeng G6,296,6.6,13.2,,1,538.56,0.3,12.605575720377164,0.9958467388580798,0.029564705933147545,2.0434045888981345
Xiao Peng,Xiaopeng P7,276,6.4,13.6,,1,554.8799999999999,0.3,12.180111216292984,0.9716179854996069,0.028727269331422264,2.0293455330917216
Xiao Peng,Xiaopeng P5,211,7.5,12.9,,1,526.3199999999999,0.3,8.700412440595477,0.832103096843759,0.027368891099666975,1.954790087356493
BYD,Qin PLUS,163,7.6,13.6,,1,554.8799999999999,0.3,6.965738667646097,0.7347735374621323,0.024981776978373064,1.8924329027297486
BYD,Seagull,75,9.9,13.2,,1,538.56,0.3,3.038822407592232,0.4889492933598043,0.02071615836262816,1.710496514970229
BYD,Qin L,163,7.9,11.1,,1,452.87999999999994,0.3,6.891884186847768,0.7689407665107421,0.028576680407732997,1.9238036011355582
BYD,Song Xin Energy PLUS,218,7.7,15.9,,1,648.7199999999999,0.3,8.563568195037863,0.7834887136578087,0.023672325673503882,1.9155515518393273
BYD,Han,245,7.9,13.5,,1,550.8,0.3,9.363100303058534,0.8534558140983662,0.02703335334821719,1.9649771404258232
BYD,Xia,272,8.1,18.5,,1,754.8,0.3,9.668782558970966,0.8015813612115275,0.02203039720619747,1.9192351793154605
BYD,Seal 06 New Energy,163,7.9,11.1,,1,452.87999999999994,0.3,6.891884186847768,0.7689407665107421,0.028576680407732997,1.9238036011355582
BYD,Song Pro New Energy,163,8.3,13.1,,1,534.4799999999999,0.3,6.516018944218754,0.7173448599560536,0.025197517518230864,1.8828720191450063
BYD,Tang New Energy,272,7.5,17.8,,1,726.24,0.3,10.32252564511311,0.8362625150152041,0.02298440612610533,1.9415373237076174
BYD,Yuan UP,177,12.2,12.9,,1,526.3199999999999,0.3,5.122165843032236,0.6384605031697246,0.023973732232349058,1.8295292297695445
BYD,Song L DM-i,218,7.7,13.2,,1,538.56,0.3,8.724430349277142,0.8284755626628901,0.02696603924329859,1.9515341869007052
BYD,Seal L DM-i,218,8.5,11.7,,1,477.3599999999999,0.3,8.158932240592499,0.8257048647163067,0.028767569482460818,1.9557896815640108
BYD,Seal 07 EV,231,7.3,15.0,,1,611.9999999999999,0.3,9.415513884405577,0.8335925888905517,0.02521272012749797,1.9483041965970453
BYD,Yuan PLUS,204,7.3,12.2,,1,497.76,0.3,8.702253313433925,0.8438797166407096,0.028420737300507214,1.9644081513572802
BYD,Dolphin,98,7.8,10.5,,1,428.4,0.3,4.660238106069379,0.6411525503668783,0.026904166723804253,1.840904237076487
BYD,Seal 05 DM-i,163,7.6,11.1,,1,452.87999999999994,0.3,7.1086768131827585,0.7809411108586765,0.028798805693540295,1.9312659486671673
BYD,Seal,231,6.5,13.0,,1,530.4,0.3,10.480606647627909,0.9115112187634463,0.02852365260154671,1.9994590179299137
BYD,Seal 06 GT,218,7.5,13.0,,1,530.4,0.3,8.923674224373153,0.8410864975505431,0.02739961495762711,1.9596664962663242
BYD,Song L EV,204,8.5,14.9,,1,607.9200000000001,0.3,7.552178126832106,0.7478150321033532,0.023968321463283225,1.8964416169803644
BYD,Sea Lion 05 DM-i,163,8.3,13.1,,1,534.4799999999999,0.3,6.516018944218754,0.7173448599560536,0.025197517518230864,1.8828720191450063
BYD,Destroyer 05,180,7.9,11.4,,1,465.12,0.3,7.441280988404996,0.7936925152115887,0.028610236458872455,1.9378093013705666
BYD,Frigate 07,197,8.5,21.5,,1,877.2,0.3,7.0797162624087155,0.6606218850210658,0.018413158794348447,1.8217881127973798
BYD,Yuan Pro,95,7.6,12.7,,1,518.16,0.3,4.553753274380103,0.6043499125114936,0.023525841043021408,1.8052926297760352
BYD,Song MAX New Energy,180,8.5,13.2,,1,538.56,0.3,6.9158780818600025,0.7376236402334019,0.02544454706142891,1.8956796358071333
BYD,e2,95,7.3,10.3,,1,420.24,0.3,4.802404440154538,0.6539954175737496,0.02746122156088948,1.850944223823377
BYD,e9,163,7.6,12.9,,1,526.3199999999999,0.3,7.002644783886212,0.7465145321622472,0.025923149566960447,1.902459455837341
BYD,Qin New Energy,136,7.8,11.5,,1,469.19999999999993,0.3,6.002159315414459,0.7112691048738269,0.026954180558182345,1.8850011801741633
BYD,D1,136,8.2,12.3,,1,501.84,0.3,5.728110560448931,0.6832569588830746,0.025458756867603856,1.8630262509895748
BYD,e6,136,7.8,13.6,,1,554.8799999999999,0.3,5.902328975605743,0.6763657762609826,0.023968308484083475,1.853649078627418
BYD,e3,136,8.2,12.3,,1,501.84,0.3,5.728110560448931,0.6832569588830746,0.025458756867603856,1.8630262509895748
